{
    "rmse": 0.6862979232251113,
    "mae": 0.5423005231748632,
    "r2": 0.2890492989839988
}