{
    "rmse": 0.6993266730929939,
    "mae": 0.5474079258887556,
    "r2": 0.27125264435957663
}